ID,First Name,Last Name,Email
3a7935ae-da35-4b57-bfba-d134cc4434e4,Luciana,Kozey,rickey.lemke@gmail.com
70a6d670-4dbe-4274-8efa-465a64f1b72b,Debi,Gibson,carolee.reinger@gmail.com
0299398a-e223-48a0-94bc-1c0ceca30378,Donella,Blanda,danial.hudson@gmail.com
88a35e93-acb6-4d43-ab59-65681fd49878,Isaac,Jacobi,elisha.lubowitz@yahoo.com
ebbbed14-dbd2-4ef2-87e7-3de291038b0d,Emanuel,Purdy,derrick.wuckert@yahoo.com
9c4d006f-5090-4c76-8eb8-7ce109669cb8,William,Tremblay,odell.fisher@gmail.com
f1db8389-3a26-4bb1-a9bf-c765dc9a46cd,Max,Bahringer,kenneth.bahringer@gmail.com
28545587-0c0f-4dc1-b679-027025ee23c6,Jan,Davis,devin.nienow@yahoo.com
4c9e0a01-201c-416a-8d4c-000bba0cd9b9,Edmond,Leuschke,demetrius.fahey@gmail.com
50b06275-14b9-4980-b846-dabbd7e999ea,Roxanne,Carter,tashina.reichel@gmail.com
fd78991a-02b8-409d-9dad-6ee3470bc1c9,Doug,Harvey,suzie.welch@hotmail.com
b3e95d11-91d3-4dcc-919c-e986cdc94505,Augustine,Yost,mohammed.bosco@yahoo.com
90471f9a-ee6b-4fb6-9f1f-2121b3114c85,Ramon,Hayes,hassan.lockman@hotmail.com
754d0831-b110-40e4-890b-c5ae55913c38,Gia,Gulgowski,beverly.feeney@hotmail.com
9b7b5dfe-5efd-4501-a945-7bedda45bcb9,Herb,Bosco,kendrick.sporer@hotmail.com
56f6b09e-03f3-47b6-9253-74dfe1d7d7dc,Brittney,Olson,toshia.bosco@gmail.com
be447b91-2174-4c3e-b3d2-fafd07b755d6,Perry,Mertz,luis.conroy@hotmail.com
ed0d71ac-edd3-4c44-8e99-b07ad40ae0e6,Emanuel,Williamson,giuseppe.runolfsson@gmail.com
79585986-6b37-4748-8bcf-9865a48b42ab,Britt,Luettgen,merilyn.nader@yahoo.com
a22fab4f-196d-47b8-8530-8d9ea886521b,Bethel,Boyer,shandra.braun@yahoo.com
d7c4b735-c174-4535-93c0-33d81cf582f7,Melaine,Thiel,donnette.nitzsche@yahoo.com
1977e314-a6dd-4214-b618-ca9e63c3e95f,Isabell,O'Hara,joseph.ankunding@yahoo.com
76be14f9-aea6-495c-b997-b720737b722d,Marielle,Murray,claris.kreiger@yahoo.com
7d4f3dc4-1874-47c8-827c-cc95225e7639,Lara,Grimes,tamika.block@yahoo.com
728991c5-955d-434f-b254-3e686a935bff,Haydee,Maggio,jestine.olson@hotmail.com
a5b20a7b-8c0c-4da6-9471-a0fdfcfc1d08,Doug,Schowalter,isaac.kiehn@hotmail.com
f0ad2153-7218-46ff-817e-6634c3828292,Elyse,Kerluke,sal.cormier@hotmail.com
d2de00aa-e57b-4454-b808-f34bedb00192,Marketta,Crona,donn.green@hotmail.com
f603065c-4beb-454e-a3ce-5370d036efea,Eddie,Greenholt,shane.price@gmail.com
20cbe396-4cbe-41b9-adb9-d25c26dc81d3,Winnie,Schmidt,kirstin.witting@gmail.com
32f1d3e7-dc9d-4ba5-8ee0-a366496cc739,Normand,Emard,sommer.rath@gmail.com
87abe366-ae2b-411e-b708-cc52d2ff38d7,Margrett,Champlin,boyd.wolf@yahoo.com
cfa58040-32a8-4793-b9c7-a3fb903861e0,Cassy,Kessler,abel.schaefer@hotmail.com
5768bea8-7da7-4f11-a920-6abc1255cf36,Sylvia,Mann,wesley.lueilwitz@yahoo.com
b3b7a94e-5cf6-4549-8d93-f569150cb84c,Maria,Heathcote,dana.sanford@yahoo.com
79c06a43-60c0-44d2-b28e-e8b776d0f072,Sylvia,Koelpin,garland.sawayn@hotmail.com
693a427f-06f4-45ec-b0ad-29f294e33cc4,Samual,Denesik,raphael.kovacek@yahoo.com
f8e1f781-956a-4d7d-bbcc-b49b2e9785d6,Jessia,Schultz,warner.ortiz@hotmail.com
38eed44f-2ec7-4c79-bc22-99599dd6c0a6,Charles,Green,billy.nicolas@yahoo.com
cf90b97d-32a5-4a09-80a5-d6d48ae618f9,Lane,Jacobs,ermelinda.doyle@yahoo.com
fda6194b-03f5-4845-9419-a828cb9740d5,Marine,Watsica,everette.robel@hotmail.com
2d445f91-9b8a-471f-ba55-d7d4148b200d,Raul,Mann,dewitt.langosh@hotmail.com
13b7288b-18f4-4f4c-ab5f-d644a9e79b0b,Dahlia,Wolf,wade.durgan@gmail.com
c149c3b3-baec-4f8a-a103-4602454627d7,Elliot,Hand,anissa.hintz@hotmail.com
bd2ad173-19f5-4afc-90d5-48bffefa5442,Willard,Lesch,malik.murazik@yahoo.com
2af56f6a-1516-417a-9daf-e42b75ab4d65,Carolyn,Schaefer,corene.brown@hotmail.com
fcdb355b-f68b-4860-8c18-21f2cf60e983,Elmira,Nienow,mozelle.koepp@yahoo.com
d43f9401-730e-4942-abb6-b970d2cb83cf,Guadalupe,Russel,harland.stamm@hotmail.com
9a548137-f410-4dc2-b3cc-5ae634e30efe,Isaac,Raynor,maryln.farrell@yahoo.com
53d19ad1-2456-4e78-abb4-441d93ddf485,Vida,Von,velda.hahn@yahoo.com
408e3e5e-be47-4500-af03-14d0dd6d51d9,Gabriela,O'Conner,dorris.bailey@hotmail.com
df3134ea-be8b-402d-9bc3-63ba72f46e2a,Raphael,Lemke,kiera.tillman@yahoo.com
7166fb81-8fe3-415c-b76e-4e2fac11ab1e,Eunice,McClure,sherry.runte@yahoo.com
e5fc0002-399a-45dd-951e-8372c86d6952,Margaretta,Bernhard,noemi.sauer@yahoo.com
d4f614e7-5e8e-424c-84b5-21117ba34b7b,Doris,Douglas,laverne.swaniawski@yahoo.com
92e8315c-ec66-4c0b-b5e9-e784891efcb9,Sherley,O'Kon,bret.wilkinson@yahoo.com
0cfda1cb-43a1-4bf5-93ec-6bd1cc6b8719,Pablo,Leffler,dwight.kuhn@gmail.com
c87e860b-6499-4986-85aa-4e8f40b0c65e,Dawne,Grant,frederic.nitzsche@yahoo.com
6223698d-3cb1-43eb-a193-bf10dbff3b2b,Soila,Kunde,carroll.schroeder@yahoo.com
d1c5d37f-4f14-4f2b-911f-e2d13aedd9eb,Antoinette,Bosco,darryl.huel@gmail.com
22b4664f-a941-4a1f-a966-95974783439b,Antonio,Morar,sharan.lang@gmail.com
8c3bb407-8e1b-44a0-bb3f-e37c527762a9,Prince,Corwin,maximo.hane@gmail.com
fcb0f68f-911a-426c-b968-e11f18832a8e,Miquel,Gorczany,sonja.carroll@yahoo.com
0e9675ef-86cc-449c-bcb0-35257462af6f,Ariel,Von,alan.powlowski@hotmail.com
9f7fd8ec-aa20-4143-90f2-b3b587ab8a0f,Merrill,Turcotte,terence.hilpert@yahoo.com
64927c65-f188-4d84-a553-11d1c627eae3,Kyung,Blick,adolph.tremblay@gmail.com
4533e573-310e-4397-a063-24b25c3a6e27,Dusty,Wuckert,nikole.braun@yahoo.com
572e109c-2c14-4611-9514-9d89fd9a46ad,Dino,Larkin,ngoc.rath@gmail.com
9679e424-0121-4210-ae76-6bf8466ab028,Virgilio,Dibbert,chet.corwin@gmail.com
d3f69bd8-714e-4ad7-8f9c-3c854dc55621,Kenneth,Rosenbaum,german.sawayn@yahoo.com
31366de3-6d57-44fa-80d8-29703ef174e3,Elvera,Weber,petronila.block@yahoo.com
fda888a8-92c7-4621-b0ca-92d688c71ade,Kathi,Fritsch,raymond.padberg@yahoo.com
7cf499af-fedb-4c12-b3da-1cfe93a59ba1,Isaiah,Osinski,ruth.oberbrunner@hotmail.com
7cbedfd7-1138-4c64-a1af-a52c70e7194a,Ervin,Mitchell,asuncion.beier@gmail.com
0b0e7c10-0d86-469f-9fb8-8efe2b8f84fc,Ronda,Prosacco,malorie.dibbert@hotmail.com
802fb9df-6aac-4c6e-bd65-ca97affafab4,Claudio,Smith,francis.cummings@yahoo.com
a0c06af1-af08-451f-a25d-bf31128eabe3,Melia,Cruickshank,bobbie.oberbrunner@gmail.com
8272985d-c3e5-494f-a9cc-104daa0019c0,Priscilla,Harber,ezra.hyatt@gmail.com
708ec3d8-4af2-4e0b-8a9f-039e1f43e3c1,Lyn,Stehr,antionette.wyman@yahoo.com
268134d1-a610-4b21-8d4a-033e10c74998,Sidney,Goyette,sean.witting@hotmail.com
62897d05-04db-4ded-b0a3-2e8e0cd8a102,Dale,Brakus,kristy.roberts@hotmail.com
c6df0354-41bc-4fde-99bc-ddebba8d2751,Jennette,Romaguera,agatha.cremin@yahoo.com
0313fbee-88e8-4eea-8384-3fbf12dfa951,Marylou,Christiansen,treena.runolfsdottir@yahoo.com
bd760df5-6fa4-4bd9-bb46-055e4d51a00c,Aurelio,Funk,doug.hoeger@yahoo.com
495ff8df-147e-42ca-b9c1-bf5b044e8545,Evelina,Gutkowski,geraldine.wuckert@hotmail.com
45f3460c-2f34-4ea7-a14c-c6d1e2a9a864,Rory,Schneider,meagan.lynch@yahoo.com
d08fa196-6f2c-4c1c-87df-d2d418ad6b7f,Fern,Kirlin,adalberto.vandervort@yahoo.com
44057b3b-1e68-475a-a66d-16dd0cb3bc72,Tamekia,Walsh,hedwig.douglas@yahoo.com
b407b119-4f53-4f54-b945-2d54ce0a421b,Abel,Lesch,alphonso.harris@hotmail.com
21aa5f7b-e7ff-49a7-b684-a31d6ff8c26e,Hollis,Beahan,wilbur.deckow@gmail.com
ca8ccb6a-c3f0-4876-af63-efb26d6036a6,Alvin,Padberg,jerlene.beatty@gmail.com
b8984912-d5a3-46cf-980a-ec66008d942e,Sidney,Kling,monte.murazik@yahoo.com
e55fbd2f-1b60-4c80-bdf6-3d54f26ae351,Dayna,Abbott,charissa.white@gmail.com
99026eeb-06fd-4044-ab0e-6781a6380a5a,Annita,Kunde,boyd.hyatt@gmail.com
750a37a5-e5cf-490a-945c-7d62bcac0957,Shavon,Bode,arnulfo.anderson@hotmail.com
1cab896b-94f7-43d6-897d-5d6d85452d77,Georgette,Sawayn,abe.stracke@yahoo.com
26411c2f-cd93-4ff7-8433-695c8573416c,Andrew,Raynor,ronnie.waters@hotmail.com
8ea92e08-6db5-41fc-b019-25dde3b253ec,Shalon,Cartwright,kareem.rau@hotmail.com
052daf72-a985-408e-9258-ad194676d558,Elsa,Bruen,kit.buckridge@gmail.com
59dbfa00-475d-4931-b4a7-30472b46d779,Dillon,Kirlin,tamisha.rippin@gmail.com
005069ba-9cea-41fe-96cb-cdd0b1c52d4a,Franklin,Heaney,nada.mohr@yahoo.com
9fb52778-bbc5-4b0c-aabd-32c32b7f19cd,Nella,Ledner,brenton.rice@gmail.com
46d633a0-83a8-4c63-a9a4-50889dd42a64,Alina,Grady,dudley.blick@hotmail.com
8eb7cca0-4ad4-4098-9bc4-c277a601bfc4,Kayce,Hegmann,pearline.wolf@gmail.com
2f3d2d6e-7e70-4e7d-9a06-c775d8467bb1,Coretta,Kihn,jonah.dickens@gmail.com
d3e0f3ed-0969-454e-83a5-772a65c12e76,Sue,Hessel,whitney.schiller@hotmail.com
c917319a-778f-4310-971a-4b7764ab3734,Earnest,Bosco,vernon.kunde@gmail.com
263d6a3a-ddf7-452b-9837-6f6eb7fd2ad8,Alfredo,Pollich,regenia.kohler@yahoo.com
89fe3561-3c69-48aa-bb06-f13861d3ee4e,Hee,Predovic,joshua.mraz@yahoo.com
9270ed88-3d58-476a-9994-7e05cad314be,Dominica,Altenwerth,maryam.runolfsson@gmail.com
665a0bcd-942e-48df-853f-9f2010e0f682,Brenton,Fadel,joel.collins@yahoo.com
63261f89-a428-442e-99c0-2c4fa93f6236,Sherie,Waters,madaline.feil@gmail.com
ca75ca4f-ed61-44c3-b603-0f6837fafa17,Bee,Hegmann,henry.windler@hotmail.com
8973d0ed-4949-4212-93c4-4582282cd517,Chantell,Parisian,larraine.batz@gmail.com
519ad3a7-d7d2-4565-b741-bd947612d8f1,Willis,Nikolaus,burt.trantow@hotmail.com
a53f988d-e7a0-4177-b132-b73cb7a3d0eb,Matilde,Ankunding,cyrstal.franecki@hotmail.com
413fb39e-acd6-4e3f-92ba-e6b6e2c21885,Sheron,D'Amore,rudolf.frami@hotmail.com
68accbf8-1f96-41ad-9bd0-b595bab9861e,Idell,Olson,ahmed.wintheiser@hotmail.com
819d4fd8-68e2-4ad7-9339-376fe0b047cd,Jackqueline,Gaylord,lionel.carroll@yahoo.com
7c9e1fff-2bb8-4fc8-8a4d-7bd088fc62a6,Joey,Gleason,jackson.kassulke@yahoo.com
d06e9328-17b1-4bc7-a096-21108798b263,Nita,Beier,roderick.corkery@hotmail.com
fe3353f3-4d7a-46e6-aeeb-9f0662322ceb,Noemi,Armstrong,pedro.hoeger@yahoo.com
70d13d64-b675-44b4-b58f-815817016123,Elton,Terry,hong.jenkins@yahoo.com
82b9befb-045c-4bcb-b488-9ea0a6446408,Garfield,Cassin,leatha.schiller@gmail.com
6733ed06-b55a-4b0a-814b-a9a90bef76cd,Norberto,Kuvalis,hassie.ruecker@gmail.com
a3c3850a-df36-4e08-85ca-6754839381f1,Arvilla,Adams,waylon.kling@hotmail.com
2af25a48-a035-437c-855a-1ff95bacbaa0,Savannah,Schuppe,steve.corkery@yahoo.com
6f676e86-d812-4f1b-b2c8-596256f6a9dc,Aurelio,Adams,korey.bayer@gmail.com
eaab0b5e-0c60-4d3b-9bc1-65bf93919192,Reuben,Wehner,jacinto.parisian@gmail.com
6a691e63-7e77-49ec-a578-7a1466d90ad4,Hilton,Johnston,tarah.strosin@gmail.com
a3854862-41ca-4a83-90f6-43ead54f9cce,Sandra,Cremin,ozzie.beer@hotmail.com
429774bf-a055-4503-83a7-857aedef2635,Trevor,Murphy,lasonya.dickens@yahoo.com
2bbe69e8-37cb-4f30-bc00-f887c02e3048,Maynard,Swaniawski,roman.davis@hotmail.com
f58cd5e1-e2d7-4dd1-ac09-a00596c0ec1a,Ethan,Armstrong,ozella.jones@gmail.com
1cb1c446-2bb2-4b7c-9e07-37ab239e7648,Emiko,Prohaska,chuck.wuckert@hotmail.com
d9fc129c-3eaa-405c-8b48-2cec77bdc703,Ulysses,Okuneva,tammy.klein@yahoo.com
90078384-b76d-41bc-8c9a-a5a1699b04db,Ned,Koss,jamila.howell@hotmail.com
157d60dd-0798-420c-b339-738df3b1efe7,Hassan,Dietrich,damian.walker@gmail.com
d31136b6-5b43-4689-aa1e-36df7d882f73,Domenic,Lemke,cary.nader@hotmail.com
0324a5d3-fc29-4d8e-9479-e77497963c3d,Lory,Hodkiewicz,beatriz.stracke@gmail.com
3066fff8-c8db-4c51-9de4-72b6089b299b,Rene,Yost,kennith.leuschke@gmail.com
3febb95f-25a1-47bd-99e9-e24393ddef5f,Antonetta,Jakubowski,augustine.ondricka@gmail.com
2de15e5f-9694-4f45-9c99-1966930ae107,Barry,Cremin,devin.sanford@gmail.com
a0c982e1-1b03-4cf5-9912-a187e81ca028,Susana,Hayes,dolly.schaden@yahoo.com
a8956e09-e6be-4439-80cc-f27bffe5fc85,Donnetta,Welch,willie.parker@gmail.com
02511860-2a27-42d3-8c1e-c00459c4d7e0,Irena,MacGyver,pauletta.ebert@gmail.com
e8236881-0459-480a-8f1c-ee919a6aa144,Von,Welch,ramon.graham@yahoo.com
6fc6030b-1c12-4533-8d25-ebe75dcf4467,Denver,Zemlak,keenan.rolfson@gmail.com
4f4c2e6c-a7e0-43bc-8480-9ac1e0f3569e,Adrienne,Quigley,hershel.cartwright@hotmail.com
dadc1629-acd9-46cc-8613-11363e509b10,Rae,Hirthe,joe.gibson@hotmail.com
d007f48e-ef5d-40b7-b839-62b244b77ecd,Nathanael,O'Reilly,krystle.beatty@yahoo.com
60b384cd-5282-4678-98a3-fe60145444b4,Shara,Pouros,brandon.howell@hotmail.com
aca1a001-ca7c-4645-8258-aa90fe2225da,Salvatore,Fay,maybell.rempel@yahoo.com
684e650b-d0df-49b9-90cb-5a0439c103c6,Raymond,Mitchell,eddy.homenick@hotmail.com
19b809c0-5402-4d6d-a14e-b2364ea0bcc2,Jesse,Senger,kai.bosco@hotmail.com
1b75ad09-187e-4dcf-8fb1-5121f6239dc3,Jame,Hyatt,erasmo.morissette@hotmail.com
8a115899-77a3-4ec1-a797-259249acbf24,Johnathan,Skiles,pamula.vandervort@hotmail.com
73e40126-88dd-44db-9269-0fd6733b50b3,Dyan,Sipes,lanette.oconner@yahoo.com
2420b419-2b92-4fae-b200-11f0899b4528,Mina,Wolf,johana.upton@yahoo.com
86c27d5d-91f1-496f-91e4-7f198703013c,Reynaldo,Padberg,tabitha.toy@yahoo.com
7f40c970-c868-4fcb-a975-7cfae1300f4a,Johnnie,Dare,honey.bogan@gmail.com
68e4b624-06a2-44bd-8b67-31c835ab0fab,Dean,Lebsack,connie.hane@hotmail.com
b8cc1104-fe97-4942-a57a-5bb9be50bf09,Claudia,Stamm,felix.zboncak@gmail.com
24104f5b-654e-4b20-9dfc-ae7eaccf2697,Angel,Heidenreich,omer.sawayn@yahoo.com
52a2dfa0-1429-40a9-8c09-69dff5dd58a0,Herb,Rippin,lise.zemlak@hotmail.com
43976f8b-1652-4b4d-96fd-13ce5059e638,Yuette,Legros,zoe.pfeffer@yahoo.com
0210d05f-1a9b-4141-9843-9fd20692773e,Melodie,Hickle,shemeka.baumbach@gmail.com
eb43ebde-240e-4a53-a747-ff08702e3853,Denyse,O'Conner,lean.koepp@gmail.com
17aa9529-c7fd-4ea1-bf13-0d9836cd3b9b,Mahalia,Dooley,michal.huel@yahoo.com
3bce1675-1eba-483e-9925-65f6a6588199,Donette,Murphy,leonarda.kassulke@hotmail.com
96438fce-a96e-4190-b26c-909697363db1,Kelley,Wintheiser,willie.barrows@hotmail.com
a2e81195-d636-4195-805c-7ec6fae19c9c,Fae,Johnston,kaleigh.mcdermott@hotmail.com
25aef50b-79f0-432f-a49e-3c253d115b8f,Salvatore,Carter,paola.hudson@yahoo.com
5c64f0bb-76a4-4173-984d-61ab3ac7e1f1,Vaughn,Mosciski,neville.kertzmann@yahoo.com
73fa3190-269e-4b05-bec1-13204c25cb17,Rory,Schultz,karl.brekke@yahoo.com
9f4aad4d-c8f8-4243-8b4e-b1b1c18dd409,Dominga,Kozey,chad.white@yahoo.com
b41228f2-dea1-439e-b82a-50e7870953f1,Katy,Murazik,latia.hodkiewicz@yahoo.com
ff72a98a-671a-4ce3-803b-8df929c732b5,Elenor,Steuber,clara.sanford@gmail.com
448a13d4-f51b-427e-ba50-6e50869b99f2,Minh,Lebsack,michael.sporer@gmail.com
019577a9-e171-4cf4-a89f-3a55d3b5b899,Rex,Sawayn,billie.hahn@yahoo.com
34205b69-87ba-4c6e-94aa-444eb55caf7f,Marline,Beatty,preston.feil@yahoo.com
974a1e36-5d24-4286-bbc9-48f57276c850,Millard,Zieme,malia.mosciski@gmail.com
79c43c52-1baf-482e-ad3d-a2795979b951,Nubia,Gorczany,anthony.deckow@gmail.com
c2ef73a7-e55c-400a-91bc-90d443a022b4,Damion,Rodriguez,jacinto.kulas@hotmail.com
f4b6b808-8fc0-4315-8171-270e3ed4b76e,Amina,Rempel,jacinto.schuster@yahoo.com
5e19eebb-6ca8-442b-8f04-9297e94f1d59,Aurelio,Weber,dario.vandervort@yahoo.com
b6070195-049e-4299-a112-1b01a2a97c32,Clemente,Ritchie,lashawna.walter@yahoo.com
9a83ed4b-a83f-4e7c-81ad-b5b267962891,Ermelinda,Considine,arlean.casper@hotmail.com
9927b844-d73a-455c-9d5f-6ca47bd0867b,Vikki,Stanton,abel.hand@gmail.com
d56bf37f-0eea-4655-9b42-c4e081ac8a16,Lamar,Gibson,alton.morissette@hotmail.com
7796c79a-1cbf-4504-acb3-ee70bc60c18f,Alona,Renner,rolland.toy@gmail.com
36424bdb-fd7e-4971-9272-cde42f4f0340,Enoch,Borer,merrill.kessler@yahoo.com
ce9b0b3f-63ff-49af-ad20-10c6fb06ff3d,Riley,Fritsch,mittie.prosacco@yahoo.com
ad650283-425a-4e2d-b502-0412fbdc90b7,Leone,Purdy,lenard.lubowitz@hotmail.com
875ff6fa-94ac-41d6-b1af-cafb8eec4133,Freeda,Haag,grazyna.denesik@yahoo.com
09e90085-a639-44fc-83d8-9aba3c56de62,Stacy,Bergstrom,zenobia.hills@yahoo.com
220cb1b8-28be-4a45-aa86-8ee785fc932f,Joshua,Monahan,dionne.bashirian@yahoo.com
78a9f096-6296-46ff-b887-3004640de8a0,Maragret,Johns,dennis.christiansen@gmail.com
ac90ffbb-2e7b-48b8-9353-3aa7d38682f9,Glenn,Langosh,lindsey.mann@gmail.com
7134bfa9-234d-4e5c-867c-5e80dd45d41f,Willena,Weimann,elise.hilll@hotmail.com
854c1ca2-ae73-4a08-84e3-1578574450d0,Aldo,Schamberger,gregory.thiel@hotmail.com
b0280d97-1ed9-4ae9-bcc4-b6d6558903d0,Rosa,Moore,fidel.murazik@gmail.com
a4d2a5fa-ce99-4733-a116-0fc6386f4784,Susannah,Zulauf,jenny.anderson@yahoo.com
5f1ec21c-cde0-4adf-b6ef-e7dcda219405,Merrie,Turner,ceola.nader@hotmail.com
90d8d0b3-d268-46d1-8175-2c92f5f483fb,Jung,Frami,lilliana.sauer@hotmail.com
e08061eb-f326-42b0-b28c-9aa1fc5aef0a,Eduardo,Bernier,jacob.graham@yahoo.com
f341d473-3f52-4333-bd5c-549c44ea145f,Emmanuel,Kozey,damion.jast@yahoo.com
73f52c21-4190-4f8d-bb3b-44921790989e,Jody,Emmerich,glennie.streich@yahoo.com
b85e0729-4d94-41f5-a97d-28ab3081982b,Samuel,Stiedemann,jene.graham@gmail.com
cf0164a1-66ab-42e4-9d60-53a205d23ab8,Randall,Kreiger,darius.grady@hotmail.com
506dda36-72b8-4244-92d7-d5d25b6004c4,Caterina,Brekke,precious.marvin@gmail.com
f2c54098-bf3b-45c5-b318-e0b0fda3b366,Kareem,Murazik,charmaine.barrows@hotmail.com
c8753d36-f658-4e21-8d28-61d87a66bb0d,Colleen,Trantow,devon.kiehn@hotmail.com
3e0531b8-d15c-4e51-866d-73526f43c043,Earle,Runolfsson,ella.feest@gmail.com
8d13fb65-5152-48e9-a265-b666ba7a9031,Corine,Breitenberg,so.cremin@gmail.com
560fb673-e02b-4548-a409-c24fc80de33b,Alvin,Berge,elden.sanford@yahoo.com
44903969-662f-4f7e-9f55-90879f36f319,Jerome,Shanahan,buford.lakin@hotmail.com
5eb3a1a7-960c-4f24-a444-7913236407ec,Carolann,Mayert,jamal.renner@hotmail.com
e82fffe0-db42-4d7c-b891-f830856b9a2a,Bettyann,Gislason,regenia.volkman@hotmail.com
1d97fc4e-448c-4be7-8425-b347a5e7a4ca,Berna,Marquardt,jamie.ondricka@hotmail.com
5fea33ab-8837-4a0b-9129-c6f256bac9ca,Mitchell,McLaughlin,easter.trantow@yahoo.com
61e688e5-a7dd-4b0d-927f-cf0f9add2fc0,Dreama,Raynor,maida.leuschke@gmail.com
4ec94fda-3c15-4014-b554-f3d102bcc1ee,Monnie,Littel,sammy.purdy@gmail.com
e31a8959-b416-4dc5-b90e-b5731f5d6d3c,Jere,Kirlin,ismael.schultz@yahoo.com
43e8dc0e-6830-40b0-b5bd-4af0a38efb7b,Maritza,Kuvalis,elwood.conroy@gmail.com
35f21193-cd7d-42e7-965a-677e45c98ee0,Isiah,Koss,astrid.dibbert@hotmail.com
520a1407-154f-4a43-837b-d0323d7059f2,Xavier,Leuschke,ivory.runte@gmail.com
af9280f2-5d62-4fc3-ac96-9e74e99ba251,Jefferson,Lemke,lucas.balistreri@hotmail.com
8d402afe-3a93-447a-9e28-85fb2d10393c,Charlie,Ebert,casey.walsh@hotmail.com
3a74d837-77c6-4946-8092-e5ad55882c64,Thu,McKenzie,laverne.flatley@gmail.com
fa631be0-a7e3-4d6c-afc4-f139f635b2aa,Willette,Hayes,ira.kertzmann@hotmail.com
6f3402e0-30c8-460c-b1b8-254450ac92db,Josie,Gerhold,yaeko.thompson@hotmail.com
222c9445-cd4e-4988-b791-e4bc02a55291,Mervin,Lowe,vincent.dare@gmail.com
9858f9ff-e143-4045-9d0a-68d5a0baa7c3,Tiera,Lakin,neal.klocko@yahoo.com
3c17e58d-69c7-4bd8-9be0-05357bb08093,Wallace,O'Reilly,johnie.gleichner@hotmail.com
60a9e959-2034-463d-9f2c-24fb29564766,Orville,Rath,arnulfo.braun@hotmail.com
18a3d1eb-80b4-49ff-9822-8db44b1c6b05,Nicolas,Fahey,santiago.moore@hotmail.com
f98dd40e-5e90-4f73-aeb4-ad3d1e4894d2,Angelo,Ritchie,chung.schaden@gmail.com
1eff5ed2-58ad-4888-abe7-48e275f8d81c,Sharyl,Jenkins,raina.mckenzie@hotmail.com
481e59ac-dc2a-4679-9462-f8d39ff0747c,Magdalena,Ward,hal.emmerich@yahoo.com
b6bf7020-5661-42da-b653-c9577871694d,Cara,Kohler,scott.johns@gmail.com
cc42b8ea-5bcb-44fc-8039-4a17f67d65cb,Loni,Smitham,jetta.hamill@hotmail.com
6629a745-0e53-4c37-aff2-7e7d0a43db08,Shane,Gutmann,josie.keeling@hotmail.com
82625352-34a3-46ac-a889-770d55924897,Quintin,Mohr,lloyd.murphy@yahoo.com
a37f3bd9-5ecf-4f84-b656-7599eba3a7ce,Caleb,Corkery,mitch.becker@gmail.com
3254bba8-3f88-45e1-af2b-33e890189c15,Brianna,Moore,emiko.ondricka@hotmail.com
567a4c6b-9bc1-4c6a-bf7f-3610ea0c6e97,Aretha,Boyer,madalene.considine@gmail.com
15ef0fcc-afd7-4a87-8b07-454ec6abb725,Larissa,VonRueden,royce.corwin@yahoo.com
5b8cbcd7-2248-4ce4-b85b-47b4f1e22b17,Vanita,Conn,classie.gorczany@yahoo.com
53e2a67a-851f-4c37-94b4-6e0fea0b36cb,Tommie,Quitzon,fritz.schoen@yahoo.com
c0185953-6e09-41b0-b547-68267d02b9bc,Jospeh,Olson,dominique.kub@gmail.com
fa653515-924f-4350-afe6-35e8c57cfa34,Ruben,Wiegand,jayne.buckridge@gmail.com
9d097f03-2918-4c29-95cf-6a89c97aa514,Neville,Padberg,darin.sawayn@gmail.com
9ae9babf-5ee4-4e3b-ba05-1d1e726ed5d8,Elijah,Stamm,pete.anderson@yahoo.com
b3d4f579-d131-480a-9d80-fdee98298df3,Caleb,Homenick,elly.crona@hotmail.com
f5faf8d7-7558-4c1a-ab79-a5d6091bad5d,Pierre,Stoltenberg,bok.brekke@yahoo.com
71711ec4-7311-4afd-b6d4-acf26ac653ed,Kamala,Klocko,sandy.schamberger@yahoo.com
b17022e8-eea2-4a4a-b3bd-b3e1ff73da48,Jodie,Becker,amos.osinski@hotmail.com
e0c2847a-6640-4d52-aa28-6277f53b445f,Esteban,Champlin,lorena.strosin@yahoo.com
36474635-b037-431d-a2b3-7a715667c651,Reginald,Glover,mitch.trantow@hotmail.com
b0e4f627-15b7-45db-858a-c4c891e59d2d,Bobby,Christiansen,marketta.prohaska@yahoo.com
41d070e1-2b42-44a4-bf30-7c2aa1c3caa3,Charley,Runolfsson,santana.weber@gmail.com
a8a27547-84d1-4a85-ba05-62b05bdb37ad,Sebrina,Frami,willard.klein@hotmail.com
e00414a8-4c55-4dda-9403-11768a276696,Ermelinda,Murphy,santana.waelchi@hotmail.com
a87836f5-77a3-41f1-a1f6-967f3a5f4ece,Antwan,Steuber,caleb.lind@hotmail.com
5cac91e6-91be-426e-91b8-6f5de864fc4f,Anton,Harris,margie.ondricka@gmail.com
f8768355-16b9-4043-ad2f-a30b557f1c5f,Antwan,Schiller,leigha.doyle@gmail.com
a493e068-69e5-4301-b101-5c18945ea0a2,Norene,Rutherford,lyman.stehr@hotmail.com
369a2e19-f4da-4152-abee-c2ec1abf4e83,Deetta,Bauch,bettye.kiehn@gmail.com
c3a9ce8b-549b-416c-b2f3-2e572c897d48,Gertrude,Larkin,daren.lebsack@yahoo.com
600e6b5d-7e1e-4d5b-9dc4-b808b5692ec6,Junior,Barrows,kimberli.cassin@yahoo.com
2497454f-58c4-4d14-84f2-357dda47a055,Kara,Strosin,jon.huel@yahoo.com
1bf8801a-49f2-454c-ad22-996135ee5c9f,Gregory,Blick,evan.paucek@yahoo.com
2846d9a1-b48a-45bd-9428-ef1509909c41,Edward,Reynolds,lizzette.okuneva@yahoo.com
627ac083-66a4-40e3-a202-5135df77e4ba,Jeffrey,Lubowitz,luis.keebler@gmail.com
ba985b4d-cae8-4f33-bbba-6c77c896dfb3,Heidi,Grant,bong.lockman@gmail.com
e5d88257-bef3-41f9-88cc-1b7f33ceed09,Joshua,Willms,darron.jakubowski@yahoo.com
857fc2a0-159c-429e-8f5a-ce5063da5298,Marc,Murray,keiko.schiller@yahoo.com
4e4d8c5a-df4c-4af2-84c4-1465e8656ffb,Alphonso,Krajcik,reina.runolfsson@hotmail.com
a4a38166-64d1-41f6-b4b9-d1b6d790e97f,Jannet,Jacobs,danuta.white@gmail.com
7b67183b-102a-4f34-990b-9ffc9120a721,Ashlyn,Schulist,salvador.sipes@gmail.com
3930dfeb-996e-4bd1-a87a-131932be32ea,Lorena,Schmitt,vernon.rosenbaum@gmail.com
35ba87d8-2448-4bac-94f4-5681739f592c,Numbers,Schultz,jonathan.schmitt@hotmail.com
778d17e6-b218-4487-9226-ba9fa3143bb6,Elizabeth,Kris,morgan.wehner@gmail.com
4b8c5ae1-6da9-4175-85cb-4880d0d8313d,Oswaldo,Pfeffer,saran.daniel@hotmail.com
f187896a-b474-453f-add9-c5739f65cf73,Paulina,Ruecker,ernesto.kulas@yahoo.com
41277249-7056-4db6-adde-22b4aba9dad9,Kelvin,Mante,bula.stoltenberg@gmail.com
4c63e67f-5406-417a-99e7-4fd6c7043559,Buddy,Spinka,soon.hyatt@yahoo.com
13b34dd6-b6a0-447e-8123-a1fbfca0ff36,Jammie,Pacocha,mike.bauch@yahoo.com
384aa64b-7c0f-4fb1-87fc-cf40e03ff539,Rob,Brekke,alfredo.schimmel@hotmail.com
e944f1ec-6f2a-4c83-89e7-d0762dd59710,Clora,Cole,emma.metz@gmail.com
cd1b5d14-41ab-428c-a278-8609deace928,Sherri,Morissette,xiomara.christiansen@hotmail.com
953f49ca-adfa-46e3-a676-1c04c4b6a686,Lourdes,Green,ross.quitzon@gmail.com
25f7c5c1-b3d9-4326-ba18-1322acd4dca7,Roselia,Kautzer,lezlie.armstrong@gmail.com
70406c8f-0556-4764-9765-462b854be521,Cordie,Robel,elvira.rath@hotmail.com
00bcef2e-d32c-4871-86a5-e9fbce0fb772,Shanelle,Schamberger,jone.grady@hotmail.com
d24adf92-53f1-4ffb-a983-00d026cdcf6e,Raina,Funk,zackary.armstrong@hotmail.com
c484bb83-68f9-484e-afa1-a9b2ec0dd865,Arlie,Crist,neil.gislason@yahoo.com
7115f699-45d5-414d-ae7f-c96ec6a9e7ff,Danyel,Jones,kayleigh.quitzon@yahoo.com
ec66e6b6-ca8e-4db2-82df-630b430e00ee,Isidro,Olson,shoshana.kris@hotmail.com
b0273687-9f0a-41c5-b3bb-78bbf05ad451,Bernie,Swift,kristina.lemke@gmail.com
88537c82-1fda-4a5b-b5b7-c3b0e8135850,Marco,Rohan,charles.davis@hotmail.com
6a8466e7-21b9-4914-bb17-7a5a53c3295f,Sherley,Hudson,sari.mayert@gmail.com
2f198a6a-35a9-43bf-82e7-bfd675a10363,Marc,Denesik,akilah.rutherford@yahoo.com
9567d826-091f-4026-9458-00d71978b4d5,Rudy,Marquardt,shannon.metz@hotmail.com
50a5e59e-2dd5-422c-b0a5-e12f1b00fef6,Ligia,Anderson,elroy.kunze@yahoo.com
64b0a9e6-9242-40b7-860c-2825dd02920c,Arden,Ritchie,cierra.zulauf@yahoo.com
85b504a6-6bdb-44a8-af48-93dd9cc5243e,Shantell,Boyer,erin.koss@yahoo.com
6010a96f-1d08-4bdf-9981-52a4dec51106,Rosalina,Roob,kristeen.bogisich@gmail.com
2de46770-6d3f-450f-8392-5317ef60a4d2,Brenton,Powlowski,erna.heidenreich@yahoo.com
295e019c-2ecc-4acf-abb0-27418cbd4d2c,Francis,Rosenbaum,isaac.dickens@hotmail.com
6ea65ecf-e866-4fb6-9704-8a4c46faa597,Madelaine,Carroll,allen.rogahn@hotmail.com
b74f7342-8b63-4ede-8f35-7bf4269c9fbe,Allan,Howell,gino.adams@hotmail.com
4043394e-be19-4d3e-b088-feefb9ffae9a,Shakia,Reynolds,dexter.kassulke@yahoo.com
d9b5cff1-42d4-49c6-ae59-22273f081fea,Haywood,Jakubowski,werner.bins@hotmail.com
81cfd7da-0032-4509-bb08-2a534e0f3fdc,Denita,Walter,clemente.hauck@hotmail.com
4d643bb4-2f7a-47ec-a971-e3bda10e25db,Inell,Huel,patty.dickens@yahoo.com
8fab3846-fe9e-407a-8406-023f5eaa0497,Guillermo,Bergstrom,estela.lueilwitz@hotmail.com
41a85e92-37c6-47f9-9125-c70799f6cfeb,Telma,Reichert,candyce.oreilly@yahoo.com
ff3ad180-5d26-47d0-9ba7-39cc3a3026af,Cary,Hackett,foster.altenwerth@hotmail.com
1a8265d5-fc49-4fda-bf2a-27c100d985b4,Berry,Kunde,arlen.kautzer@gmail.com
f7365a0a-6986-4654-bc0a-ef221dbe1084,Clifford,Satterfield,rudolf.pacocha@gmail.com
9cc0ffe7-1396-430b-bbfe-c602ed2f8035,Blair,Schaden,raleigh.leffler@yahoo.com
7b7b198c-34c2-482a-bd51-fd054284a129,Caryl,Goyette,violet.ruecker@yahoo.com
a324b25e-d4e1-4730-810c-2d2a281c4010,Romeo,Stamm,hobert.schumm@yahoo.com
2aedb8f5-47e5-4d8f-94ba-f99c4164f9b6,Daniel,Murray,columbus.bartoletti@yahoo.com
50cae177-084b-4a88-bb0f-ed018d66f68c,Darron,Rau,gerry.wisozk@hotmail.com
cd2ac6cf-8069-4409-8771-06b4beb028df,Chung,Kertzmann,ellis.hilll@gmail.com
b6c7ce24-e028-4d93-8e3d-7e56917ca0c2,Gracie,Zieme,thaddeus.grimes@gmail.com
db541ac5-afdc-4d6e-92cd-c53da8fc3515,Zachery,Koelpin,emory.crona@yahoo.com
59087142-9001-432a-9d30-9cc255aa9350,Janice,Prosacco,deonna.cormier@hotmail.com
82b74caa-e23a-47a0-a37b-d196f17d3925,Zulema,Schulist,mui.reinger@yahoo.com
9f57a920-afc9-4d04-9890-787b96122a00,Adriene,Kiehn,jean.wuckert@gmail.com
d2595b6d-d365-4302-9d6c-ee2f04bd6a76,Matthew,Hettinger,cheryle.kunze@hotmail.com
06e3e71b-d942-48af-88b5-84b984c21ff4,Fern,Bartell,jenna.bechtelar@hotmail.com
b803c742-aab0-41ce-8871-8e1fd9c70cf1,Verla,Bashirian,dominique.king@hotmail.com
dacaf016-6b9e-4f84-934b-6026cf61ffad,Fermin,Wyman,ardith.schulist@yahoo.com
5fb89038-765e-426c-9d07-1a402ba7804e,Andrea,Conn,tobias.pfeffer@yahoo.com
7968466e-4322-4a8c-ab68-0156272eefec,Elyse,Legros,stella.murphy@yahoo.com
9c9f5a3f-5ba0-4ec3-9d75-e37066b30626,Edmund,Hand,kittie.armstrong@gmail.com
6bcd265a-eed7-4b23-9c22-e68e2b837efa,Arlie,Walter,heath.adams@gmail.com
e487642e-7bce-4dd6-a64b-1c18b4b438ee,Lon,Schowalter,marcie.stokes@gmail.com
54c1bdea-e402-4e1a-a4bb-b9224ac31c6c,Byron,Gutmann,corrine.botsford@hotmail.com
e34da03a-5630-4cf1-9859-2da462b7f299,Monte,Mraz,marty.larson@gmail.com
741cc35e-e884-4cd7-a6e7-47a3e9a064a4,Cammy,Sipes,jodee.hegmann@hotmail.com
337ef179-bd62-4311-a06c-0617655363ff,Carlos,Farrell,reed.rolfson@yahoo.com
e35bc169-eb49-4f2b-b7ed-45c65587da98,Jackqueline,Wilderman,clair.beer@gmail.com
d08d259b-a17d-4121-9de8-253d336e34d4,Valentine,Kuhn,jessie.ullrich@gmail.com
647c594a-f0fa-4bf9-9695-38d0a6d0118e,Fredric,Mueller,vincenzo.schumm@gmail.com
34a10bcd-0580-40a9-ad95-7cd40e6fd758,Samuel,Gaylord,kathrin.hermann@yahoo.com
c48e2335-3ad9-4a9d-a218-46888ed0afae,Gail,Jacobs,wilford.robel@gmail.com
5fe92ccb-d17f-48fa-8923-ae8648d0ea9c,Lynn,Stracke,fabian.mccullough@gmail.com
245426ac-bb22-4587-8baa-463fcbb7058c,Buffy,Kris,rosetta.fadel@yahoo.com
636b9d71-7a2e-4e5c-94d6-b3b8d79de258,Ambrose,Schinner,robert.ryan@gmail.com
76c422ab-330f-4ca8-8643-3d90b385afa0,Tyron,Hettinger,linn.grant@gmail.com
a455d338-95df-474a-8e98-e91b3f345eff,Derek,Moen,laila.hegmann@gmail.com
80deaeb3-40ae-4684-8638-398a3a5b6671,Rhea,Mraz,mabel.macgyver@gmail.com
4ecd2697-847a-4c41-9df3-7fe5875d530b,Travis,Weissnat,jake.sauer@gmail.com
7af12fbd-e478-4e8c-9e44-9d7de47fdab1,Marty,McClure,maddie.adams@hotmail.com
d50200c5-3629-419b-85ed-fea0bf3b5c50,Helene,Ullrich,phoebe.botsford@hotmail.com
e09735fc-b172-49f7-8810-cda760cec56d,Brant,Hauck,quentin.russel@gmail.com
4e30cea3-e538-4e68-b44b-4b32adf96aca,Richard,Schowalter,madeleine.nikolaus@hotmail.com
ddad054e-7e39-4ff0-805c-e9d1b2d079cd,Eldon,Hoeger,benito.buckridge@yahoo.com
2c613e75-b67f-44d8-9af9-88b654f7d23c,Meda,O'Kon,graig.renner@yahoo.com
8b400b68-5202-451d-8d46-00df0adfd6df,Frederic,Smitham,harlan.olson@yahoo.com
c4343f96-f363-4c5c-9546-f25dba4a6ded,Wilbur,Reichel,numbers.osinski@gmail.com
7f169f16-587c-48b2-9e5e-aaec8990dccb,Luisa,Smith,sunni.batz@gmail.com
f0153c48-4e77-4d03-ab16-0cab8c6ba25d,Hayden,Armstrong,adolfo.orn@hotmail.com
0f22d856-f1cc-46e8-b034-b8558a68c1b3,Delbert,Mayer,patti.keeling@yahoo.com
7ed9cac3-c765-45a0-a73f-40c61e181a16,Clark,Klein,dusti.zemlak@yahoo.com
3654e65f-3008-4719-8d7b-c9e5fdd8759b,Samuel,Schmidt,ronny.rosenbaum@hotmail.com
c0eab273-66b9-4987-8cf4-dae0dd3d4413,Mason,Kling,jasper.dicki@yahoo.com
7103d437-97a6-415b-aa6f-e226fb8c8ede,Georgeann,Graham,anton.gorczany@gmail.com
cc96df65-06ea-49d9-a76c-84bbd82271e4,Cristi,Dietrich,lon.botsford@gmail.com
4f232d8a-980e-4208-b5f0-73536baafb3f,Tamra,Hettinger,kym.connelly@gmail.com
abce8ecf-eb3c-4c9c-bf18-fdc90495a17b,Granville,Leannon,isabelle.sawayn@hotmail.com
e0624819-d3ec-4006-a68d-2935f85b69dd,Armanda,Toy,treva.weimann@yahoo.com
2ffba004-a575-4d7e-a6ba-e81b8a9cefca,Kurt,Lubowitz,quyen.sipes@gmail.com
971303dd-6c95-4828-873c-9808ee3eff80,Santiago,Hintz,josie.bogan@gmail.com
a6f600f2-c0bd-49f1-8225-44f6c44b2d65,Glennie,Carroll,johnnie.mosciski@hotmail.com
e7a82802-0cde-4b06-ba0c-e91954d54c01,Lora,Price,dante.smitham@gmail.com
c3fcd48b-0342-4606-8906-25cf4455e9f7,Queen,Abshire,leslie.doyle@gmail.com
72049550-99b2-4bd3-bed6-116eb2f7a847,Alia,Turner,elmer.howell@yahoo.com
67f3479f-711c-4670-83d1-a9d29dc61c57,Devorah,Parisian,alec.will@hotmail.com
de549447-3081-46f2-b671-5c96ab3d2f77,Israel,Kautzer,michale.kshlerin@hotmail.com
c27b6455-862f-47dd-a0bc-bfe60588ec1d,Kareem,Murazik,leisa.lind@hotmail.com
47d55194-2844-44dd-ac30-98e58aae0a4c,Jae,Becker,cedrick.bahringer@hotmail.com
b7af261c-bea0-49b5-aa01-dd3db2394fad,Kendrick,Hilpert,albertina.wehner@gmail.com
5037aa1f-f0dd-4336-8599-d4d49633786b,John,Cartwright,jackie.schneider@gmail.com
dac7fea8-604e-48df-9669-a96aa239477b,Boyce,Auer,keith.heidenreich@hotmail.com
2719c64c-bcda-4874-b901-31d5a614ed4b,Eric,Daniel,elba.corkery@gmail.com
ba1161d0-0123-4f2b-8665-8452a41c430a,Lashawna,Predovic,francesco.koelpin@hotmail.com
cf2a0ea1-fdbd-4871-8b83-7489d12087e5,Sylvester,Toy,frankie.frami@yahoo.com
84f9e22b-aba9-474a-b505-691223366b5a,Fletcher,Schulist,stefany.vandervort@yahoo.com
edc2addd-384e-46b9-a750-273143829ee6,Ericka,Doyle,rosella.pagac@yahoo.com
c014ef58-6f59-4071-827f-cede47f7052f,Dorathy,Dickinson,thaddeus.mcclure@gmail.com
57215470-4fbb-41d3-b9a3-0911a9401f02,Gaylene,Kerluke,leroy.klein@gmail.com
cd918578-d99f-4432-8f04-cd0307d9bd41,Kasha,Stanton,rossie.kiehn@yahoo.com
1e72c055-c827-4455-897b-ddce14d40201,Lili,Metz,andres.lind@hotmail.com
f28f73b7-dbab-430e-832b-eb46ba18ab13,Shon,Corkery,carolyn.beahan@gmail.com
7353ec76-919c-445f-9676-01458089ecdb,Barton,Collier,foster.brakus@gmail.com
007ef20f-6cbb-42b8-bfad-71214302f22f,Echo,Schimmel,delphine.murray@gmail.com
67d8c377-1664-4020-9d9d-60d7a972dca9,Julia,Pfeffer,dirk.reinger@hotmail.com
458183b8-4169-4206-8580-763efe4ef55b,Synthia,Bruen,belen.macgyver@hotmail.com
f8e6fac8-901e-41f0-bbb4-a646bb8cc853,Berna,Swaniawski,christie.runolfsson@gmail.com
5253c799-ae6b-4e4d-92cc-83816545f8dc,Cyril,Abshire,karl.welch@yahoo.com
f707b2c2-8949-4148-8a07-8a77361e4975,Jamika,Hoppe,tory.bosco@yahoo.com
7c449c8e-bcf0-4869-a188-96056dd96969,Sharleen,Price,orlando.denesik@gmail.com
5c260b0d-fda6-4762-a450-d89fa61e30c9,Sandra,O'Hara,jonah.botsford@yahoo.com
959c6cc4-ef8a-4add-ac3f-e9092c11d13a,William,Purdy,tennille.mccullough@gmail.com
46712ecb-3fdc-49d2-a2e7-a3f6f0ca5b24,Rikki,Kihn,anderson.walker@yahoo.com
c2ca7cb8-88ee-43a2-9450-b8d51d017371,Kerrie,Conroy,wynona.gaylord@yahoo.com
9208cc95-e045-4efd-bb7d-612fc9489863,Tamara,Cronin,niesha.daugherty@hotmail.com
c6379751-83d1-4cbe-ae47-c7b94a2c3dde,Virgil,Fritsch,woodrow.denesik@gmail.com
2a8e79fb-f0f1-4716-affd-c7d52d5c5115,Jerrell,Douglas,stan.schmitt@hotmail.com
971a1bf8-0563-4db2-a5b0-4bf70602fcb5,Vernon,Schuster,yolande.gutkowski@hotmail.com
66b96bd1-255a-42d0-904a-84785fa7d000,January,Senger,sabra.satterfield@gmail.com
99dc66c1-d6ed-4ffc-9d69-0b36223c8d57,Shane,Funk,cathey.bruen@gmail.com
20ce60ef-8ebd-4fa6-bc88-3f4ae09ec1c5,Harlan,Stracke,shaunte.haley@yahoo.com
3a8c7fcf-94aa-4e6e-8762-cb408c20314b,Tegan,Parisian,christena.doyle@hotmail.com
de3f83fd-bf2f-454c-94be-ca53af3e92b2,Merrie,Rolfson,yung.lockman@yahoo.com
26a99f61-850b-47e9-a99b-7c595be9dde6,Gabriel,Hayes,tracey.spencer@hotmail.com
d7acf9f0-a567-4216-b255-8cae6ca22501,Jarred,Murazik,jarod.sawayn@gmail.com
2e7401de-4d0c-4de8-b455-e9b0a568bff1,Dannie,Windler,fermin.kunze@gmail.com
27ef1db2-f6b4-4fa5-84c3-bcc95dfe0c79,Elenor,Kutch,ali.dooley@yahoo.com
e29bfa87-11bd-46e3-b355-8a015425990c,Imelda,Daniel,eliseo.goodwin@hotmail.com
4b8a2d8f-546a-42e7-a195-0efc7d485532,Dalia,Williamson,senaida.zieme@gmail.com
86f27354-7cb4-4d3d-91ca-cea48d3dafb1,Karl,O'Keefe,markus.schultz@gmail.com
b8799149-fd4c-47fe-a960-d254796f382b,Aurelia,Bartoletti,trang.lakin@yahoo.com
02fc7443-e84e-4132-9b15-2f6b9f71e1ff,Dann,Gleason,letisha.carter@hotmail.com
1dd7826b-9c0d-4207-92cd-44280b6b0f3b,Ronny,Turner,lemuel.wisoky@yahoo.com
0cc72840-31b0-4e43-a8ac-31e2518ce7de,Harvey,Little,janel.weimann@hotmail.com
a715fdd2-04dd-425c-bb89-f2e4ceb2cc17,Julieann,Funk,jenette.kirlin@gmail.com
3af73a59-1b5b-41f9-8275-bbbc44f63826,Chadwick,Maggio,burt.nienow@yahoo.com
d6fea984-1500-4f55-98b7-639b9c17db7c,Deon,Olson,gwyneth.koepp@hotmail.com
a87474f8-229c-45de-ad8c-93b7f9dc70da,Marilee,Tillman,ruthe.johns@yahoo.com
c0a801a8-0ef5-4609-9cc2-5137d3ae8be9,Keva,Koelpin,marvin.simonis@hotmail.com
30aa7719-961e-4392-b8b6-a0b497884acc,Coral,Windler,tajuana.lindgren@hotmail.com
fca52ba4-4fad-4d02-a743-b715bd87aad4,Dominick,Zulauf,christopher.breitenberg@gmail.com
3a3d37ed-491d-45df-8590-953f118ef91c,Zoe,Stokes,florencio.dach@yahoo.com
c7b70c2f-a87b-42a9-a91d-b3068f2eb77b,Reggie,Kerluke,dennis.bode@hotmail.com
2ffebc49-7a62-46f6-9952-904b6c2a8316,Harlan,Swaniawski,truman.mcdermott@hotmail.com
0c4f8e26-2f3b-4bd0-aaf9-91b6aae7135f,Dane,Ledner,niesha.marquardt@yahoo.com
5cf1700a-125b-454e-9221-6488a880feb1,Tuan,Rice,ha.greenholt@hotmail.com
09404ad3-c4c7-4013-b377-95a6d1819217,Del,O'Hara,angelo.ankunding@hotmail.com
a4ace480-8088-49e8-ab0b-cab534f864b4,Anh,Marks,shannon.dickens@yahoo.com
199362e2-048c-4af4-8787-6b00eb462474,Bret,Wolf,dixie.rippin@gmail.com
63aeae73-095c-4991-b34f-e7de4e12bb15,Franklyn,Schaefer,justin.batz@hotmail.com
14bc0476-7d90-4377-8fdb-2f4d1f434ffe,Tad,Jenkins,fairy.wiegand@yahoo.com
77067c7b-9729-466b-b11f-8867b7f8f477,Chante,Moore,laraine.bernier@hotmail.com
2d85cda0-73f9-429a-9406-32b01e40a324,Eddie,Ledner,philomena.pfannerstill@yahoo.com
c462553a-a16c-4cd6-b3aa-a5214674fcdd,Kathern,Pagac,edmundo.wintheiser@yahoo.com
362d74ce-fd32-4596-81c6-e8c2009f12db,Kiera,Johns,fausto.moore@hotmail.com
20b16c8b-17ca-44a1-9d31-16e0a2e8d40d,Willena,Hegmann,nelda.kuphal@yahoo.com
6119b149-4985-41b0-be18-7dc99c5df959,Deon,Reichert,frederick.kerluke@yahoo.com
1f23687a-3ae8-4233-97d8-cafb06fa719d,Victor,Thiel,jamal.mcdermott@gmail.com
35f9d7ab-73eb-458f-96bc-f11fcb664e47,Jonah,Herzog,ron.dibbert@yahoo.com
414754b9-919f-4ad2-bab5-ad9c69866266,Fredia,Kulas,kenyatta.mueller@yahoo.com
3ec04b53-91bd-4061-8685-a74558452032,Sherell,Murphy,christiane.bailey@gmail.com
ffb403c2-8313-44bc-8f5d-f7a8cc951632,Maia,Kessler,barbie.kuhic@hotmail.com
3efccf90-206d-456c-bc8d-34f1a5969058,Daina,King,arie.wiegand@gmail.com
35390570-46c1-4d10-b444-8aea456e3c22,Anneliese,Rowe,ernesto.hilpert@yahoo.com
bf00af07-4860-4414-a2c7-881f4edd4eb5,Leo,Grady,kyla.schuppe@gmail.com
ccd8c034-fc74-48a2-bad8-5a6aa8dee330,Jeremy,Wunsch,lynnette.ziemann@gmail.com
fcc535f8-421b-4ff9-a34b-0a85cd562c1c,Kellee,Hudson,laurinda.nader@hotmail.com
cc87415f-52d0-40dc-a5ee-b209fb0dfb2a,Amiee,Fisher,mittie.reynolds@yahoo.com
06068530-519a-4aa7-81ba-666d38dbb105,Tod,Keebler,jacinta.emmerich@hotmail.com
b59cf58a-06f3-4ebc-98b0-86d5ae5af1e2,Rusty,Rohan,rosamaria.kuhlman@gmail.com
ad387f9a-83af-4627-953a-079c91b73839,Juanita,Lemke,vanna.schoen@hotmail.com
9adff2e3-5395-4813-ad8c-f71d366d94da,Elbert,Halvorson,harvey.hoeger@gmail.com
eadd956e-fab7-412b-bc55-d79f09c8a2f7,Daren,White,tiffani.kerluke@yahoo.com
6f7e544d-c8be-4433-ac50-23a3811b22d2,Retha,Metz,scotty.gleason@hotmail.com
de240f1b-391c-40ff-a091-d48c13e68fef,Teddy,Grady,lashaun.bahringer@hotmail.com
4f4aa8f9-349c-4aa6-90e2-b4491226aebb,Celeste,Sipes,kellye.lowe@yahoo.com
6db4296f-c943-4c6c-8f94-b8da514180d1,Grady,Gorczany,dara.jaskolski@yahoo.com
92bacd01-164f-4a40-806c-eadb5420cd71,Sarai,Ledner,trista.gottlieb@hotmail.com
b22f2b2c-4d5e-4122-b5d0-cdcf1c2a6cff,Shirley,Kihn,chas.pollich@yahoo.com
78700ed7-2fa7-4a72-bb2b-8b66bfdf7b80,Merna,Mertz,nevada.west@gmail.com
13889b06-dba4-4d80-ba99-8a45a6001cb9,Elena,Ledner,alton.simonis@gmail.com
5eba3221-f98e-46f7-beda-e4ba20e56d70,Wm,Ortiz,bo.kuhn@gmail.com
da731d12-13e3-4685-8373-b652dae6c1fa,Lily,Williamson,tyrell.zemlak@gmail.com
2064dba8-9e36-4bd1-b8b0-1ccfd9afa873,Kirby,Adams,mona.kuhn@yahoo.com
2776d2ff-4a02-4505-be0a-45785878af8d,Libbie,Von,georgine.muller@gmail.com
10d77b93-3fa6-473d-afa1-c57a5a4edfec,Jerrica,Abernathy,madison.mante@gmail.com
d854e3d3-f5ba-476e-9b61-b1926752f686,Johnathon,O'Reilly,harley.collins@hotmail.com
30dad4c8-5012-4022-aaf7-82a3014a6556,Emogene,Lowe,hedy.funk@gmail.com
d3cdc511-e856-45a3-8da6-ee83d6f5ff54,Bernie,Morar,penny.runolfsdottir@hotmail.com
29acbbd9-c57e-414e-994d-aefcb137b918,Vanita,Donnelly,cary.gusikowski@hotmail.com
3014291f-0666-4839-bc83-eaa64c86f993,Anderson,Hintz,pamula.reilly@hotmail.com
e7ee5222-b56e-460a-8ec5-657e8f669516,Nguyet,Treutel,cliff.abbott@gmail.com
68373dda-9254-427a-a478-638ee7bd1825,Donn,Marks,matt.waelchi@gmail.com
415dc745-b6af-40cf-9d09-410a9297938f,Marita,Lockman,malcom.funk@yahoo.com
ef5d41a8-dd3c-4eaf-8e68-bd9d80105c20,Hien,Krajcik,terrence.buckridge@yahoo.com
295a49da-0736-46d6-984a-1902688f919e,Orval,Sanford,rhett.gerhold@gmail.com
7e509c96-2fec-4453-8ecd-5124ead1a910,Zachary,Cummerata,pete.satterfield@hotmail.com
6bfe3f76-84af-4c82-a27e-08a9451e2c8f,Wendell,Hackett,leonardo.rau@hotmail.com
bd5094cb-e041-4ed8-a12e-ddd278348a0c,Lane,Larson,patrica.turner@gmail.com
3fca81fb-8bc4-4074-bcb2-cd5dfa4ca302,Pedro,Boehm,arleen.zboncak@hotmail.com
586285a3-40d6-43ce-8a76-9cbebbcae419,Yuk,Rau,karissa.kertzmann@hotmail.com
82ae50f0-cad0-4412-a89a-dc91c09bea3c,Edward,Hammes,josef.jaskolski@hotmail.com
49ea4a82-4637-45da-87fe-dd60c3edd9cb,Debby,Marks,adelle.ritchie@hotmail.com
23fed0a6-b699-4a90-974c-fad786623b7f,Veronica,McCullough,shantel.hermiston@yahoo.com
b600ac5a-cde4-42b5-95f2-419bc22fc3cd,Elbert,Kuvalis,paul.koss@hotmail.com
e27f8395-baaf-44d4-9a30-53b7ade576ce,Valentin,Johnson,percy.mueller@hotmail.com
6e6b24c3-fce0-4ae9-880f-a8d647c3c1cc,Maurita,Hilpert,yvette.strosin@hotmail.com
fafc37b8-f19a-4aa9-be35-8d62e758832a,Marisela,Nolan,kanisha.nader@gmail.com
5c8ca5a9-a7ab-4b7c-8434-61c02d4c84c2,Nick,Ward,man.murazik@hotmail.com
fcc63fb5-ec33-48fc-b8f6-d832088c3db1,Wiley,Shanahan,arthur.nikolaus@yahoo.com
1e4a1114-b7ae-4798-99b8-fb863f99ea97,Fredericka,Mitchell,hyo.friesen@yahoo.com
f4f2641a-6b6e-42e3-93a3-7ecf7c416b05,Dino,Swift,nick.hermann@hotmail.com
f2dea5e3-f591-4055-b69c-9a4efe739105,Catalina,Lesch,cornelius.schuppe@yahoo.com
07765f4a-a485-4247-95e0-b815aa869185,Christeen,Bartoletti,moises.jones@yahoo.com
2a6c3bbb-797e-40f8-8527-9e650d3436ed,Abram,Upton,clemente.walker@hotmail.com
edd890c7-74d4-4f28-b637-6b246480f84d,Isiah,Von,harvey.christiansen@gmail.com
e19358da-8a02-489b-9581-06a2438bf1f3,Jared,Cremin,ike.little@gmail.com
addb47df-2991-4304-a9e8-4bc1782cfcba,Sherilyn,Pacocha,allie.kautzer@gmail.com
dda1c9b5-4210-4641-aee1-f5cf38bdb6b3,Emil,Lebsack,devon.lindgren@hotmail.com
f0a6f748-bb36-43ad-b01f-34f851f70dd6,Johnson,Kuhn,elmo.weissnat@yahoo.com
a01fd7b5-360c-4ad7-a452-3a4205a4ef6d,Celena,Effertz,donald.konopelski@hotmail.com
6334cc8d-f1f2-4871-9998-fa4370403000,Gerri,Schumm,tim.sanford@hotmail.com
c1c484c1-1f8f-4d75-98c0-83d7dffd47ea,Christina,Haag,anthony.kiehn@yahoo.com
a0c99308-81da-41fd-8f6d-04c2253e5c91,Carolann,Lowe,anjelica.rempel@hotmail.com
f1c2a991-de5b-4bca-9f1c-2fbdd365a082,Quinton,Corkery,edwina.beier@yahoo.com
e4c10a9b-cb57-45fd-a24c-abdd544d48f6,Sunday,Adams,sidney.corkery@gmail.com
b86df830-9c0b-48ec-bb66-d7132153eaa1,Vincenza,Schaefer,rivka.homenick@yahoo.com
4eb54739-55e8-4254-826b-4775d421e738,Hans,Koepp,sam.kutch@hotmail.com
38601617-abb5-49b2-b2b1-b87e3f5bcffe,Genie,Corwin,vincent.klocko@gmail.com
5e10ff1e-3b13-431c-b5e1-5e11eac22f49,Kazuko,Schowalter,sheryll.davis@yahoo.com
7e8077a2-4456-4e14-a42a-fa64eba6cffc,Lacy,Bradtke,orville.barton@yahoo.com
942c13ff-482e-4793-b232-9c1406dea4c9,Shanti,Altenwerth,adalberto.murazik@hotmail.com
6164bd15-f288-45ac-a4d5-44afed6c3a78,Christa,Reynolds,margarito.barton@yahoo.com
10f106fc-c669-49e2-83c2-84fd8c04a993,Melda,Gutmann,lucila.jacobson@gmail.com
74161f0d-95b8-4cb0-b76d-6c03a90cb9a9,Caprice,Wisozk,nova.borer@yahoo.com
eb6846cd-0ce2-4708-883f-0d1212fd94c6,Teri,Lueilwitz,virgilio.gislason@gmail.com
22a36133-451b-4efc-bfe1-20cb8d2dfc35,Douglass,Muller,hipolito.thompson@hotmail.com
ca517b34-10cb-4958-9527-c9727c5efb2f,Maxima,Parisian,bobbie.schumm@hotmail.com
f448786c-0af2-4139-bbd3-7a6bcc8a8f62,Kristofer,Mosciski,carolyn.bergnaum@gmail.com
1f24a269-440e-4054-bb8c-115553e7ed04,Josh,Tremblay,dominique.corwin@gmail.com
a3a59fde-728f-48ec-b407-87237e86b663,Deandre,Baumbach,leatrice.kerluke@yahoo.com
b4b0a04d-e297-4099-82cb-4f2a814e44d2,Hester,Harris,eric.gerhold@hotmail.com
4e89526a-dba0-4f8e-8773-7117213e4223,Saundra,Bosco,ellis.cronin@yahoo.com
71cba8d8-1aa7-4f8f-8d3c-1f028e942e61,Mario,Gislason,shon.stiedemann@gmail.com
c4b48c29-8b53-4974-b37d-7c756cbe3122,Octavio,Heaney,erica.lindgren@hotmail.com
002fd81f-6bb9-487b-b0e1-f3e118dff29e,Elroy,Rippin,cole.graham@yahoo.com
4efbdd7a-b54e-426f-a544-032c90e17034,Latina,Kuvalis,kathryne.jacobson@gmail.com
8f8237b5-f8db-4982-b6c0-0af96d6fc5f8,Elanor,Runte,frieda.wolff@yahoo.com
ad5e98fc-54e3-453a-8696-2a0de96ae737,Jasper,Fay,ernie.becker@yahoo.com
b5c94983-37d3-4fe5-b05b-fe9ef33e7581,Alfonso,Heller,edison.graham@gmail.com
3b358730-263f-4edb-b339-c83f14ae8b02,Qiana,Lakin,dierdre.halvorson@hotmail.com
8df1d7fe-d31c-4e04-bd12-e6d022b87645,Etta,Donnelly,lili.beer@gmail.com
90bc6234-f349-49fa-bf23-caad138121f9,Herminia,Rippin,gaylord.abshire@hotmail.com
56c96d49-d80b-424d-8cd6-54a8179c8ce4,Roxie,Schmidt,arnulfo.luettgen@gmail.com
6112cdb0-850a-4c67-8630-0822efc08c6f,Armand,Tremblay,susie.ernser@yahoo.com
ba5bde60-1779-464b-a4cd-a303c5a8d374,Mollie,Buckridge,patti.roberts@yahoo.com
9d2d0d2e-3497-4a60-8c8c-ab331462fe1c,Faustina,Cremin,ashley.rutherford@gmail.com
7398c850-4cff-4ce3-97f5-6feba817d426,Lizette,Koss,kaitlyn.leffler@yahoo.com
f30b4878-4a9f-4068-b9c3-9d59f2336d08,Travis,Reilly,myrtis.wiegand@yahoo.com
763491c6-dbfe-45c6-bd72-957e8c23bf42,Dorethea,Brakus,alla.schinner@yahoo.com
9f24e035-5ef8-4eb2-a450-127de14cad20,Janessa,Kessler,fred.reilly@gmail.com
805e7714-95b7-493f-ae59-5ea8615566c8,Tony,Bergstrom,laurence.harvey@hotmail.com
3fb469d5-659c-40d6-b887-c278885c0910,Kaley,Hirthe,dortha.goyette@yahoo.com
299aef45-4fa3-49a8-a5f9-0cfa268a7e5b,Terri,Moore,kathyrn.mraz@yahoo.com
56df3f38-5740-412f-b958-24df6fc8d9cb,Henry,Hauck,lorrine.dibbert@gmail.com
3de35fa1-d8e5-4f6a-a1c3-b67515d47020,Fredrick,Lubowitz,fidela.oreilly@gmail.com
900e347a-2568-4254-b0b2-b9f507d55b0d,Everett,Bergnaum,rosario.corwin@hotmail.com
a5e9c40d-a154-4dfe-b49c-90b6d20e5b4c,Azucena,Kovacek,soila.hodkiewicz@gmail.com
4b3767e3-9686-48c0-8761-154e96bc97a0,Britni,Barrows,maricruz.monahan@hotmail.com
1cdf7909-aeb8-490c-8d09-78486a6aab50,Oren,Corkery,lionel.ziemann@yahoo.com
d38cc2d1-50ac-4e4f-b266-de83a2df2196,Albert,Kessler,alisia.stoltenberg@hotmail.com
cc0854d2-5de8-4e65-82c4-54c6fcf03922,Arnold,Jacobson,fredricka.yost@yahoo.com
af3c7851-4274-4bad-9423-2eb68c0bee17,Bart,Corwin,candelaria.schultz@hotmail.com
48bbe81f-8049-474c-a34a-6575a48ea266,Ryan,Shields,stevie.pacocha@yahoo.com
02fefa6c-820a-4632-94cd-f063461246cb,Chester,Beahan,vicente.cremin@yahoo.com
93923abc-39b3-45da-be55-824a5fd0b2f4,Tristan,Maggio,robin.kuhn@gmail.com
51b8c2e2-3818-4147-8afc-3bafd6fc81cc,Ulysses,Abernathy,vivan.tremblay@gmail.com
bae0c34a-7eb5-4441-8ec5-6964beb889ad,Angela,Boyle,miguel.jacobson@hotmail.com
ecf197d3-ef46-419f-a00f-6aec48c21e35,Minh,Kutch,rickey.waelchi@gmail.com
c6ffb0d3-a59d-4c8a-bb57-cae4fc6f21fc,Donald,Rogahn,tonette.leannon@yahoo.com
9c7d7fa8-44fc-47d1-b28d-8d508c45894d,Regan,Murazik,walter.funk@gmail.com
a2169266-c76f-466d-9dc7-176364f4eb88,Ardella,Rutherford,terrance.aufderhar@yahoo.com
af949381-beb3-472c-8d5f-793cf45f46b3,Donn,Padberg,sylvester.kovacek@hotmail.com
a09efc02-0e0f-40f1-b561-f852ec6371b9,Luella,Wisoky,modesto.waelchi@hotmail.com
358d1fff-8e76-4662-91e8-3015b0838d8c,Nicolle,Lakin,gema.hintz@yahoo.com
a85dde95-ea4b-4d2b-8915-ca7cd1aca9fa,Domonique,Schuster,santiago.marvin@gmail.com
dc8cf62f-bdd9-4974-bcd2-2ad8503c31d8,Ayesha,Schroeder,william.mohr@yahoo.com
7d65a450-bbbb-4350-87ec-4fb0c8760add,Junior,Bruen,ruthanne.jaskolski@hotmail.com
ff156c52-66c0-4478-9848-d26e77b9833f,Renaldo,Lueilwitz,lavelle.windler@yahoo.com
7081e075-3ecb-4633-b68b-e751a09afa7f,Virgen,McLaughlin,riley.homenick@gmail.com
2bfff3c2-8034-4299-bfc9-ded388f1ddec,Loni,Stracke,marcella.hand@gmail.com
8e6c8231-3c31-4a02-b414-8ead3f41fe56,Chuck,Zemlak,stacey.nitzsche@yahoo.com
75d8a1aa-b3c1-489d-be5e-f8dcdde1ac6c,Kendall,McLaughlin,kevin.bogisich@gmail.com
d53abe94-4de0-4dd3-9ff9-b99654c64ce0,Catherin,Bins,rosalind.bogisich@yahoo.com
5bf50bb6-b43d-4071-838f-8ff95721e9af,Lisandra,Kiehn,shirley.carroll@hotmail.com
4194cec7-bef9-4cbc-8401-be8f8bf39661,Freeman,Hoppe,charlette.bechtelar@hotmail.com
a123a2f2-1f6d-4e18-ad86-cba08d74536a,Kam,Murazik,dewey.connelly@hotmail.com
54afa883-dcf3-4459-8b75-ecd4284353e2,Gregorio,Roberts,augustus.considine@yahoo.com
303d410a-5754-4bfe-8fa7-1e7da7fcab31,Santos,Wiegand,carroll.koelpin@yahoo.com
5e1c3d73-5c53-419d-b403-111cc80d007a,Jared,Gerlach,nickolas.roberts@hotmail.com
81a5a81d-853d-45ac-9cef-c7bd0dc8d6ee,Clarita,Durgan,mel.borer@gmail.com
f1329806-de0f-43eb-9f23-c37fa447ce77,Soledad,Morar,sherman.bernier@gmail.com
e008e2c2-2147-4c4e-968c-4d6552980515,Jules,Harber,alvaro.olson@hotmail.com
7c11d887-0ece-4953-8080-fc17023df725,Johnnie,Predovic,huey.kovacek@hotmail.com
92ead53c-99db-4d78-9af1-acf379c83486,Nichole,Lakin,franklin.marquardt@hotmail.com
75c93b3c-0a1d-4d63-9c4b-8f801f6dda04,Logan,Hegmann,neil.pouros@gmail.com
69be5f76-18cc-4e8f-bae1-ed758524f90d,Dylan,Reichel,modesta.donnelly@yahoo.com
5adc8a8e-648e-46b0-ba5d-2b726d27e0aa,Victor,Wehner,javier.ortiz@hotmail.com
29684f8d-29b6-404e-a908-2eaf2cf6e8fa,Hyacinth,Witting,james.runolfsdottir@yahoo.com
1a3f0dc7-7ab5-46ed-907e-88796e5164d6,Dinah,Kub,valentin.sawayn@yahoo.com
d65eac8d-7751-4ebf-9820-f7418aecd350,Malisa,Ledner,dena.hilpert@yahoo.com
4b5147b2-5137-46df-a12d-65e0e8d04a5e,Kandace,Predovic,kymberly.stoltenberg@yahoo.com
0a8272c2-358f-46f5-9afe-9ecbdc7c0fed,Irena,Price,mirna.runolfsdottir@gmail.com
f82238fe-b8e9-479e-ba2e-d668b695fb69,Glen,Collier,wilfredo.reichert@gmail.com
dd04889b-9a0f-4868-b597-bff18c2c4f7b,Annabelle,Vandervort,douglas.stark@gmail.com
cc33fb04-421a-44ca-92ff-75f54ff1c640,Sonny,Will,lou.will@hotmail.com
41703737-b677-4671-9d62-f3c7e26ce221,Sharita,Goodwin,jewel.yost@yahoo.com
7e9d0f9f-5bee-403f-a2f9-3bcb116598d9,Drema,Price,giuseppina.hartmann@gmail.com
6b22fd65-d626-464a-bee4-16bcf8943f55,Dylan,Miller,felix.dietrich@hotmail.com
1487c4f7-82e3-4b9d-94c3-8dc9c18e7de2,Carline,Weissnat,lenny.stracke@hotmail.com
4b227c6d-9a65-4f8d-968f-c465a74b621f,Julia,Sawayn,man.baumbach@hotmail.com
c854fb68-9626-486a-a7c3-03427db0d253,Cleo,Champlin,ervin.hilll@yahoo.com
74b230fe-afb5-439c-8e50-36b64060d15e,Phyliss,Terry,helga.von@hotmail.com
ecf11a07-7244-401f-822f-c7cb82075106,Joseph,Swaniawski,jon.cremin@gmail.com
ef24e523-3768-4594-b469-77eb73177fd4,Libbie,Walsh,keneth.zemlak@yahoo.com
ebd4835b-759a-453f-8930-dc53f7c768de,Demetrius,Koepp,long.cassin@hotmail.com
018612f4-feb4-4e00-9f47-ad1c16b424ba,Rita,Cremin,min.nicolas@yahoo.com
6c9b1a84-9c4b-447e-b0e1-dd60d077aa4f,Al,Goldner,gaylene.windler@gmail.com
5e253677-6eb8-4b87-99c3-e6c45c396443,Shawn,Kub,madalyn.lakin@yahoo.com
0f19d442-618e-470b-92f6-9e19ae581e71,Tillie,O'Keefe,milton.turcotte@hotmail.com
62e8b735-4cbc-4fbc-88a5-839213173d7e,Rafael,Langosh,alane.turcotte@yahoo.com
28ecfd8e-ddfe-4677-9c53-65c426188a4b,Rayford,Dibbert,bobby.blick@hotmail.com
1db07403-6859-46f6-bd6f-ff6133ab50e1,Jermaine,Wyman,sheri.hayes@hotmail.com
1a5f047a-7d53-4fc7-b31c-d9b41bc9335f,Boyce,Swaniawski,roger.jaskolski@hotmail.com
bd76602a-9445-45df-83e7-aa04cf0cfbe4,Joie,Renner,willia.wyman@hotmail.com
8dade895-2597-4620-817f-1b914d8abc95,Gaylord,Dooley,shiela.bartoletti@hotmail.com
bf47d42c-4821-4b3c-a014-b87f73655148,Mariana,Nolan,arlie.labadie@yahoo.com
dcf46ba3-5301-4239-9d01-afbb8eeb3245,Trevor,Welch,zoe.walker@gmail.com
b9c2368c-13d2-40d5-bb71-469a5389b7f6,Lavera,Hegmann,rheba.gleichner@yahoo.com
fcb0ecad-3811-4644-b153-8211d59e3e9e,Ignacio,Lesch,otto.spinka@gmail.com
b739e880-15dc-4de8-b68b-182b2f7d09b3,Dan,Glover,lady.greenfelder@yahoo.com
1a350e64-a386-4f5a-8773-ee3450437133,Eliza,Welch,dione.langosh@yahoo.com
4d91ad5d-bd9a-48bc-9757-96f75d091199,Hilton,Brown,benton.blanda@yahoo.com
eb1a6ae0-0e05-47c5-9e34-29bee5f943de,Wayne,Bosco,carlos.hettinger@gmail.com
5f7fda6f-90e1-457b-880d-770ea57ca08e,Beckie,Davis,angelic.yundt@gmail.com
cf89fe96-63c7-4780-a4bd-de4ef4a88cfb,Antonia,Purdy,mikel.casper@yahoo.com
8e24eefc-582b-4aec-ac0b-146267b55be7,Bridgette,McGlynn,michale.oberbrunner@hotmail.com
032f54c4-d936-48a4-be8d-2b1d14784390,Irving,Maggio,shayne.bernier@yahoo.com
64e7eade-e955-40d2-8acf-84803828076e,Allen,Rempel,dixie.mckenzie@gmail.com
0c9b0456-2a59-4008-9cfe-0e890cc60222,Columbus,Schmitt,emmitt.roob@hotmail.com
b6d1a71c-004d-45dd-9ac4-a4e4a6263be1,Leonel,Corwin,kelley.krajcik@gmail.com
2741c65a-220a-4c96-876e-ac5decef41fe,Verona,Larkin,georgianne.hickle@gmail.com
8585eff0-49c4-4b61-9b36-23409c9ab164,Raina,Nienow,ahmed.dach@gmail.com
acc55ac2-4a57-487e-886d-381a8437eca3,Ernie,Lind,chauncey.goodwin@gmail.com
dec78bd4-3dfb-4bef-82e8-793bdcf17f97,Cleotilde,Greenfelder,major.senger@gmail.com
e1a78570-94b2-4149-9e32-3feb06b11689,Dexter,Fisher,solomon.kling@gmail.com
77261c42-7ee2-4415-a32c-46161711146d,Shari,Heidenreich,raul.bogisich@hotmail.com
8755b7b4-9289-439b-97e5-118f99dc0af3,Anibal,Keeling,marylee.marvin@gmail.com
7ffc50c4-d998-41c2-a66d-70f351a25419,Wilson,Hyatt,cornelius.fritsch@hotmail.com
ee6bab3b-64b0-4d5e-b984-2268bf83a206,Nicolas,Heller,jesus.turcotte@yahoo.com
9e9ff239-d4c7-44b2-a27c-f308d23bf202,Susanna,Wuckert,nan.schimmel@hotmail.com
77b59f91-59e0-4cad-bab1-4aa6fe3879e5,Fletcher,Fahey,porfirio.berge@yahoo.com
ab27b3b1-a2fc-4174-8fe1-3d5b422fda97,Jackie,Koelpin,sheldon.hyatt@gmail.com
36edfa74-4eab-4caa-9422-74cafb95d342,Mercedes,Wolff,brendan.schiller@gmail.com
06f98d00-502d-4bb0-bfb9-dc2cabeed32a,Harland,Mertz,mirna.treutel@yahoo.com
6a27c440-6605-4a25-aa60-d02af479ed0b,Dylan,Swift,sang.stiedemann@hotmail.com
f05a296b-ad19-474f-af57-8d0959cb877f,Robby,Effertz,fernando.larkin@hotmail.com
6e45dcbf-68ca-40f0-915e-f3ac62957e96,Inell,Nienow,williams.beatty@hotmail.com
671c9d6a-bb63-43f8-a9fc-fc722467717d,Elvis,Murazik,derek.mclaughlin@gmail.com
b27e87dd-7508-4db5-95a9-f91745a22d42,Yan,Schiller,maurice.okon@hotmail.com
3d308242-36ee-4a1b-ac3e-08dfad295dc2,Edwin,Gutmann,demetrius.ziemann@hotmail.com
485be4ab-5ee8-414f-af94-c1e112c0483e,Haywood,Franecki,fiona.haag@gmail.com
f7dab17d-abf8-482d-9edf-0ca8fcfe5850,Sherrie,Quigley,jaimie.effertz@hotmail.com
e529afd8-9d1f-454c-87e7-5a491c3b0a8f,Shirley,Quigley,cliff.gibson@yahoo.com
adcac4a2-53ca-4c1b-8cf7-16d1bfa320bf,Brigida,Rath,linwood.roberts@hotmail.com
71258c47-a5b7-4459-8a15-4b39cab7cf92,Doyle,Collins,will.wisoky@yahoo.com
b97db3d5-ee23-4351-ae9a-2c533920b7ac,Palmer,Brown,rudy.runte@gmail.com
5311e930-01ab-469a-af3d-1f79a992344d,Jamee,Hoeger,latrina.homenick@yahoo.com
d6a89bbe-f6c6-4f1c-816a-a0853e5408d1,Jerome,Armstrong,altagracia.buckridge@hotmail.com
a4fc7ce5-80bd-411a-ac90-21df2995b51f,Carley,McDermott,sherley.donnelly@hotmail.com
a3044a0d-8aef-4cfe-b31d-a6acf4a333e3,Vanita,Bayer,alida.gislason@hotmail.com
3f233d4f-a5fa-4cf6-a025-9cfb00191887,Reiko,Kovacek,estela.stehr@hotmail.com
a6555657-cab5-40ad-8cb0-94ccdb269384,Alexander,McLaughlin,burma.reilly@hotmail.com
dc25457e-312e-47f7-853e-7a8aa8934024,Patrick,Prohaska,gwen.hoppe@yahoo.com
c3abde42-3c94-4968-a2d6-dd79c18cfcbc,Dustin,Breitenberg,erwin.kulas@gmail.com
b729ec27-f536-4a61-852d-680447ad0e94,Hans,Grady,keri.rodriguez@gmail.com
bf99e363-0b57-4eeb-bf3c-b4e0af0b386e,Glennis,Krajcik,lilly.torp@yahoo.com
22ea8051-4978-4068-bee3-e085e4fdd079,Soo,Lesch,shanelle.dicki@yahoo.com
1cdeb0ce-c19a-4f4b-91d5-4996522af717,Kristofer,Berge,hyman.waelchi@gmail.com
cfe7eed4-3c54-4216-830a-74aabdbb4cba,Lionel,Wiza,broderick.stokes@gmail.com
d3fc5ef9-f556-464c-9489-39c1819dac82,Jonathan,Olson,pricilla.gottlieb@yahoo.com
78c6d946-0dd5-4fff-87c9-2443dca540e9,Tonette,Smitham,josiah.bernhard@gmail.com
6df9d1cf-f2eb-4e30-ad13-ffb4ab992ba9,Maple,Mraz,carlotta.parker@yahoo.com
8a0f6f63-fbe1-4662-992a-a481678a84f8,My,Rempel,madelyn.hayes@gmail.com
2a0c6441-94c4-4e2d-83a9-56db3d005819,Donn,Kuhlman,santos.dibbert@hotmail.com
a9af310e-f365-49f4-991e-2fdbbaa8e5b1,Galen,Hirthe,liberty.frami@yahoo.com
52088da9-64f5-415d-9666-6d86e8f6e36d,Stacy,Rogahn,cherrie.paucek@gmail.com
d97f137c-23e5-4df6-abde-c07ac80c8d6f,Leigha,Lang,antonietta.kub@yahoo.com
fbd9b901-f348-4062-b580-1c5a021dbfc0,Floria,Murazik,dorinda.schulist@yahoo.com
a5e71e9a-30a7-4ca1-bfa7-5919d572a998,Terry,Schinner,richard.hessel@yahoo.com
dce9b0a2-ac92-420a-9fe1-8cc2cba503bf,Aldo,Stamm,sherlyn.rutherford@gmail.com
db564108-12a4-423d-8516-e06c05bd31c9,Jeanie,Fahey,perry.roberts@yahoo.com
